address;source_location;insn;indent
0x333b7;:0;LEA	-0x118(%RBP),%RDX;
0x333be;:0;LEA	-0x120(%RBP),%RAX;
0x333c5;:0;MOV	%RDX,%RSI;
0x333c8;:0;MOV	%RAX,%RDI;
0x333cb;:0;CALL	34f76 <_ZN9__gnu_cxxneIPKiSt6vectorIiSaIiEEEEbRKNS_17__normal_iteratorIT_T0_EESB_>;
0x333d0;:0;TEST	%AL,%AL;
0x333d2;:0;JNE	339a6 <_ZN18DecisionTreeSingle16findBestSplitOMPERKSt6vectorIdSaIdEEiS4_RKS0_IiSaIiEEd._omp_fn.0+0x7b1>;
0x339a6;:0;LEA	-0x120(%RBP),%RAX;
0x339ad;:0;MOV	%RAX,%RDI;
0x339b0;:0;CALL	34fda <_ZNK9__gnu_cxx17__normal_iteratorIPKiSt6vectorIiSaIiEEEdeEv>;
0x339b5;:0;MOV	(%RAX),%EAX;
0x339b7;:0;MOV	%EAX,-0x130(%RBP);
0x339bd;:0;MOV	-0x130(%RBP),%EAX;
0x339c3;:0;IMUL	-0x128(%RBP),%EAX;
0x339ca;:0;MOVSXD	%EAX,%RDX;
0x339cd;:0;MOV	-0x100(%RBP),%RAX;
0x339d4;:0;ADD	%RAX,%RDX;
0x339d7;:0;MOV	-0x138(%RBP),%RAX;
0x339de;:0;MOV	(%RAX),%RAX;
0x339e1;:0;MOV	%RDX,%RSI;
0x339e4;:0;MOV	%RAX,%RDI;
0x339e7;:0;CALL	2819a <_ZNKSt6vectorIdSaIdEEixEm>;
0x339ec;:0;MOV	%RAX,%RCX;
0x339ef;:0;LEA	-0x130(%RBP),%RDX;
0x339f6;:0;LEA	-0x30(%RBP),%RAX;
0x339fa;:0;MOV	%RCX,%RSI;
0x339fd;:0;MOV	%RAX,%RDI;
0x33a00;:0;CALL	356d0 <_ZNSt6vectorISt4pairIdiESaIS1_EE12emplace_backIJRKdRiEEERS1_DpOT_>;
0x33a05;:0;LEA	-0x120(%RBP),%RAX;
0x33a0c;:0;MOV	%RAX,%RDI;
0x33a0f;:0;CALL	34fb6 <_ZN9__gnu_cxx17__normal_iteratorIPKiSt6vectorIiSaIiEEEppEv>;
0x33a14;:0;JMP	333b7 <_ZN18DecisionTreeSingle16findBestSplitOMPERKSt6vectorIdSaIdEEiS4_RKS0_IiSaIiEEd._omp_fn.0+0x1c2>;
